name,gender,bdate,bweekday,height,blood_type,bnt_1,bnt_2,bnt_3,bnt_4,g_iq,s_iq
I.G.,male,1969-04-25,Fri,169,O+,1,0,0,1,102,92
O.B.,male,1974-08-20,Tue,181,O+,1,1,1,0,NA,105
M.M.,male,1988-02-07,Sun,183,A−,0,1,0,0,108,88
V.J.,female,1978-06-27,Tue,161,A+,0,0,0,0,87,97
O.E.,male,1985-09-27,Fri,164,A−,1,0,0,0,113,83
Q.W.,male,1968-07-11,Thu,172,A+,1,1,1,0,92,93
H.K.,male,1994-09-06,Tue,157,B−,0,1,0,NA,93,90
T.R.,female,1961-10-15,Sun,167,A+,1,0,1,0,112,111
F.J.,male,1984-02-10,Fri,158,O+,0,0,0,0,100,102
J.R.,female,1942-05-10,Sun,157,O+,1,1,0,1,130,103
N.S.,male,1954-02-04,Thu,170,A−,0,0,1,1,98,88
N.T.,female,1975-09-28,Sun,141,A−,0,1,0,0,114,99
K.E.,male,1952-04-20,Sun,161,A+,0,0,1,1,119,86
U.W.,female,1996-05-23,Thu,161,O+,0,1,0,0,98,117
O.H.,male,1950-02-07,Tue,161,O+,1,0,0,0,83,99
M.Y.,male,1939-02-28,Tue,150,A+,0,1,1,1,98,105
J.Y.,female,1987-09-29,Tue,155,O−,0,1,1,1,NA,107
S.X.,female,1986-07-15,Tue,169,O+,1,0,0,1,79,99
E.Q.,female,1933-03-24,Fri,160,A+,1,0,NA,0,93,122
Z.D.,female,1945-09-23,Sun,158,A+,1,1,1,0,134,85
I.W.,female,1972-10-23,Mon,165,O+,0,0,1,0,97,111
U.V.,male,1990-05-25,Fri,185,B+,0,0,1,0,106,89
P.M.,female,1991-11-30,Sat,155,O+,1,1,1,0,107,105
U.W.,female,1988-02-22,Mon,169,A+,0,0,1,0,92,119
F.H.,male,1978-02-18,Sat,177,O+,0,0,0,0,121,105
I.F.,female,1952-09-04,Thu,148,O+,0,0,1,0,93,107
G.H.,female,1948-05-28,Fri,165,A+,1,1,1,1,101,104
P.G.,female,1935-02-13,Wed,141,O+,1,0,0,0,100,111
D.F.,female,1950-03-24,Fri,177,A+,1,1,0,0,101,118
P.F.,female,1928-11-16,Fri,158,B+,0,1,1,1,119,111
M.Q.,male,1957-04-14,Sun,187,AB−,1,1,1,0,127,85
Y.R.,male,1988-02-05,Fri,186,O+,1,1,1,0,98,99
L.J.,female,1973-05-02,Wed,163,O+,1,1,0,1,108,92
L.L.,male,1992-12-08,Tue,177,O+,1,0,0,0,84,103
G.S.,female,1935-02-27,Wed,157,O−,1,1,0,1,104,111
K.I.,female,1964-08-11,Tue,171,O+,0,0,0,0,97,104
O.Z.,female,1967-08-07,Mon,144,O+,1,1,0,1,97,108
R.Q.,male,1998-09-02,Wed,171,A+,0,1,1,0,99,97
W.U.,female,1982-02-14,Sun,166,B+,1,0,0,0,113,109
V.C.,female,1939-05-07,Sun,155,AB+,0,0,0,0,105,105
L.P.,female,1981-02-06,Fri,168,O−,1,1,NA,0,98,104
X.Z.,female,1952-01-01,Tue,153,B+,1,1,1,1,100,129
A.P.,female,1985-07-18,Thu,163,A+,0,0,1,1,NA,97
T.G.,female,1995-02-28,Tue,180,O+,1,0,1,1,108,104
H.T.,male,1986-10-03,Fri,157,O+,1,0,0,0,100,107
X.F.,female,1961-08-15,Tue,162,O+,1,1,1,0,102,112
J.L.,female,1946-11-12,Tue,158,A−,1,1,1,0,91,88
X.K.,male,1995-03-31,Fri,163,O+,0,1,1,0,104,105
N.D.,female,1999-01-20,Wed,164,A+,0,1,1,0,103,113
A.U.,female,1962-04-01,Sun,153,O+,1,1,1,0,119,114
I.K.,male,1941-07-08,Tue,161,A+,1,0,0,0,112,73
B.J.,male,1991-03-11,Mon,167,O+,1,1,1,1,103,110
O.R.,female,1989-10-27,Fri,172,O+,0,1,1,0,94,NA
Z.S.,male,1974-10-07,Mon,156,O+,0,1,0,0,95,104
A.N.,female,1964-03-02,Mon,165,O+,1,1,1,0,99,106
V.U.,female,1952-06-02,Mon,154,A+,0,1,0,1,98,115
C.G.,male,1943-07-18,Sun,156,O+,0,0,1,0,117,84
Z.A.,female,1981-11-25,Wed,144,A+,1,0,0,0,105,102
X.S.,female,1937-06-30,Wed,165,O+,0,0,0,0,103,100
F.V.,female,1976-06-24,Thu,167,O+,0,1,0,1,96,108
K.K.,male,1995-10-18,Wed,179,O+,0,1,1,1,101,103
M.P.,male,1988-06-27,Mon,160,O+,0,1,0,0,115,81
J.A.,female,1985-08-01,Thu,179,O+,0,1,0,1,100,NA
Z.Y.,male,1995-10-24,Tue,164,O−,0,0,1,0,83,96
O.C.,male,1965-12-15,Wed,174,O+,0,1,1,0,92,99
G.W.,male,1956-07-03,Tue,176,O+,0,0,0,0,94,102
T.M.,female,1994-05-26,Thu,166,A+,1,1,0,0,103,NA
P.A.,female,1998-07-19,Sun,170,O+,1,1,0,0,111,109
M.B.,female,1991-04-18,Thu,152,A+,0,1,0,1,108,93
M.Q.,female,1969-12-27,Sat,155,B+,0,1,1,1,109,104
R.C.,female,1953-10-25,Sun,178,O−,1,0,0,0,98,95
D.X.,male,1951-10-17,Wed,173,A+,0,0,1,0,98,88
D.S.,male,1991-03-17,Sun,168,B+,0,0,1,0,99,96
Y.B.,female,1956-05-21,Mon,158,O+,0,1,0,1,114,104
A.F.,female,1959-10-11,Sun,162,O+,0,1,1,1,104,100
N.Y.,female,1941-10-15,Wed,152,O+,1,0,1,0,102,122
D.E.,female,1973-02-26,Mon,177,O+,1,1,0,0,93,113
P.V.,female,1979-07-23,Mon,169,O+,1,1,0,1,106,100
V.U.,male,1942-11-14,Sat,179,O+,0,0,1,0,105,106
A.S.,female,1947-04-21,Mon,157,O+,0,0,1,0,92,108
V.O.,male,1977-12-04,Sun,186,O+,0,0,1,0,104,99
M.E.,female,1951-07-04,Wed,149,O+,0,0,0,1,102,107
C.E.,male,1955-01-10,Mon,164,AB+,0,0,0,0,102,95
A.S.,female,1966-02-19,Sat,146,A+,0,1,0,0,103,102
T.W.,male,1939-11-06,Mon,189,B+,1,0,1,0,96,113
L.K.,male,1975-10-12,Sun,174,B+,0,1,1,1,111,NA
P.V.,male,1996-06-12,Wed,197,O+,1,NA,NA,0,92,100
U.I.,female,1993-10-28,Thu,165,A−,1,0,1,0,82,104
Y.Q.,female,1954-07-04,Sun,145,A+,1,0,1,1,126,105
L.P.,male,1986-04-02,Wed,193,A+,1,0,NA,0,98,96
H.S.,male,2000-08-18,Fri,174,A+,0,1,1,0,114,88
Y.R.,female,1940-11-28,Thu,161,A+,0,0,0,0,99,114
E.J.,female,1973-12-26,Wed,148,A+,0,1,1,0,101,118
D.C.,female,1933-03-11,Sat,146,O+,1,1,1,0,116,114
H.V.,female,1973-05-19,Sat,167,A+,1,0,0,0,109,95
Z.L.,male,1941-06-23,Mon,167,O+,0,0,0,1,93,102
F.Z.,male,1992-11-29,Sun,197,AB+,1,1,1,1,114,95
R.H.,female,1968-10-03,Thu,160,B+,1,1,0,1,98,91
D.P.,male,1980-03-29,Sat,162,A+,1,1,0,0,96,107
D.U.,female,1993-11-29,Mon,171,A+,1,1,1,0,93,118
J.Y.,female,1985-12-20,Fri,158,O+,1,0,NA,1,100,111
X.V.,female,1991-06-30,Sun,172,A+,1,1,0,0,122,105
I.W.,female,1954-08-20,Fri,161,A+,1,1,1,0,101,109
U.P.,male,1931-03-07,Sat,157,A+,0,1,1,0,108,110
B.K.,male,1974-01-08,Tue,185,B+,0,0,1,0,97,NA
I.T.,female,1956-07-26,Thu,163,A−,1,0,0,0,98,99
F.H.,male,1947-06-02,Mon,183,A+,1,1,0,1,110,93
J.Q.,male,1926-08-25,Wed,146,B−,1,1,1,0,105,91
X.T.,male,1955-04-18,Mon,167,O+,0,1,0,0,104,94
L.A.,female,2000-04-15,Sat,170,A−,0,1,1,0,120,95
O.L.,female,1972-07-03,Mon,172,A+,1,0,0,0,108,100
P.Y.,female,1966-09-17,Sat,160,AB−,1,0,0,1,101,101
H.R.,female,1974-05-26,Sun,156,O+,0,1,1,0,117,95
B.B.,male,1992-12-01,Tue,183,A+,0,0,1,0,92,103
J.H.,male,1981-01-05,Mon,171,O−,0,0,0,0,96,83
O.J.,female,1942-01-09,Fri,152,O−,0,1,0,0,91,98
V.Q.,male,1969-12-17,Wed,146,A+,0,1,1,0,NA,95
K.H.,female,1989-03-10,Fri,161,O+,1,0,1,1,104,108
J.S.,female,1994-06-15,Wed,148,A−,1,0,0,1,99,98
Y.U.,female,1994-03-31,Thu,173,O+,0,0,0,1,100,110
F.S.,male,2000-08-07,Mon,195,O−,1,1,0,0,91,93
R.S.,female,1972-05-23,Tue,174,A−,1,1,0,1,103,103
H.S.,male,1966-09-04,Sun,182,A+,1,0,1,0,102,106
R.B.,female,1955-07-08,Fri,159,A+,0,1,1,1,107,87
B.H.,male,1944-10-29,Sun,166,O+,1,0,1,0,104,102
H.Y.,male,1950-07-13,Thu,186,O+,0,1,0,1,91,90
K.J.,female,1985-10-06,Sun,166,A+,1,1,0,0,96,124
V.W.,female,1966-04-08,Fri,172,O+,1,1,0,0,94,119
I.D.,female,1994-04-21,Thu,165,A−,0,1,1,0,91,102
Q.U.,male,1940-08-13,Tue,178,AB+,1,1,1,1,113,86
I.X.,male,1931-12-02,Wed,165,B+,0,0,0,1,NA,103
F.U.,male,1994-09-30,Fri,168,O+,1,1,0,0,103,86
T.X.,male,1959-09-21,Mon,166,O+,1,0,0,0,109,86
I.C.,female,1977-06-14,Tue,158,A+,1,1,0,0,102,108
X.Y.,female,1944-10-09,Mon,161,O+,0,1,0,0,94,107
R.T.,male,1988-01-06,Wed,182,A+,1,1,0,0,92,100
L.C.,male,1968-10-11,Fri,184,A+,1,1,1,1,100,109
R.T.,male,1984-09-25,Tue,168,A+,0,1,1,0,105,100
M.E.,female,1927-07-08,Fri,150,O−,1,0,1,0,108,100
R.G.,female,1972-11-20,Mon,165,A+,0,1,1,0,104,109
I.F.,male,1954-03-12,Fri,169,O+,0,0,NA,1,90,92
A.J.,male,1973-07-09,Mon,186,A+,1,1,1,0,100,101
O.R.,female,1973-04-09,Mon,167,O+,0,1,1,0,93,114
T.Y.,female,1971-03-30,Tue,158,A+,1,1,0,0,96,101
E.I.,male,1942-04-19,Sun,153,O+,0,0,1,0,97,94
D.Q.,female,1973-08-16,Thu,152,O+,1,1,1,1,105,100
I.Q.,male,1963-10-26,Sat,172,A+,1,1,0,1,103,90
H.B.,female,1989-11-16,Thu,172,O+,0,0,0,NA,85,100
R.T.,female,1970-06-28,Sun,163,B−,1,0,1,0,114,99
O.O.,male,1993-11-25,Thu,194,B+,1,0,1,0,96,105
W.Q.,female,1959-08-01,Sat,160,O+,1,0,0,NA,105,106
Y.Q.,female,1942-04-07,Tue,157,O+,1,1,0,1,110,97
M.Z.,male,1986-02-28,Fri,171,B+,0,1,1,0,96,98
M.R.,male,1949-09-05,Mon,169,O+,0,1,1,1,121,95
P.Y.,male,1959-07-28,Tue,174,A−,1,0,1,0,93,93
J.W.,female,1977-03-08,Tue,167,A+,1,1,0,0,95,117
L.M.,male,1966-11-28,Mon,185,A+,0,1,0,0,98,89
L.Q.,male,1960-10-19,Wed,170,O+,0,1,0,0,97,96
P.U.,male,1997-09-08,Mon,195,O+,1,0,1,0,NA,73
O.T.,male,1973-07-10,Tue,182,AB+,0,0,0,1,104,89
K.N.,female,1941-04-02,Wed,159,O+,0,1,0,1,97,NA
N.Z.,female,1992-07-08,Wed,167,O+,0,1,0,1,112,99
L.Z.,male,1969-03-15,Sat,165,A+,0,0,0,1,110,90
U.N.,female,1991-05-12,Sun,155,O+,0,1,1,0,119,103
N.X.,male,1980-07-27,Sun,160,A+,1,1,0,0,112,105
G.E.,female,1978-08-31,Thu,153,A+,0,1,0,0,96,114
K.N.,female,1983-02-01,Tue,149,O+,1,0,1,0,90,111
G.J.,male,1946-02-27,Wed,175,O+,0,1,1,0,88,101
P.F.,female,1949-03-27,Sun,151,O+,1,1,1,1,NA,106
U.Q.,male,1981-04-19,Sun,172,A+,0,1,1,0,111,90
T.L.,female,1971-10-30,Sat,165,O+,0,1,0,0,93,120
P.G.,male,1966-10-30,Sun,174,O+,0,1,1,1,103,103
M.E.,male,1973-03-04,Sun,170,A−,1,1,0,0,102,93
P.Y.,male,1956-09-01,Sat,169,A−,0,0,0,0,103,81
M.T.,male,1970-06-12,Fri,162,O+,0,0,1,0,101,95
A.E.,male,1964-08-24,Mon,162,A+,0,1,1,0,84,88
Q.E.,male,1975-01-17,Fri,173,A+,0,1,1,0,94,102
J.E.,female,1927-03-10,Thu,165,O−,0,1,1,1,100,90
X.G.,female,1957-05-18,Sat,154,O+,0,1,0,0,117,90
Z.A.,female,1965-09-22,Wed,157,A+,0,0,0,0,106,101
C.G.,female,1985-04-29,Mon,159,A+,0,1,0,1,92,129
S.A.,female,1971-02-05,Fri,160,O+,0,1,0,0,96,NA
O.R.,female,1958-11-14,Fri,170,A+,1,0,1,0,103,119
H.K.,male,1994-11-03,Thu,179,O+,1,0,1,0,92,99
T.Z.,female,1961-08-10,Thu,156,O+,1,1,0,1,105,101
T.P.,male,1993-05-17,Mon,169,O−,1,0,0,1,114,78
M.J.,female,1949-10-01,Sat,165,A+,1,0,1,1,113,NA
J.F.,male,1977-05-24,Tue,167,B+,1,1,0,0,88,100
D.K.,female,1981-12-17,Thu,166,A+,0,0,0,0,89,96
G.S.,male,1964-01-30,Thu,181,A+,NA,0,0,1,96,100
K.G.,male,1941-09-01,Mon,153,A+,1,1,0,1,100,97
K.F.,male,1986-09-16,Tue,173,A+,1,0,0,1,96,97
V.N.,female,1965-03-15,Mon,167,O−,NA,0,0,1,97,101
K.O.,female,1938-11-14,Mon,154,O+,1,0,1,1,106,127
Z.Q.,male,1992-05-31,Sun,171,O+,0,1,1,0,111,94
I.I.,male,1985-06-27,Thu,170,B+,1,0,1,1,98,NA
Y.J.,male,1980-09-23,Tue,179,O+,0,1,1,0,115,80
O.N.,female,1951-07-27,Fri,167,O+,0,1,1,1,103,119
D.G.,male,1938-12-10,Sat,179,A+,1,1,1,0,102,101
S.H.,male,1927-02-02,Wed,166,O+,1,0,1,0,92,103
N.H.,male,1979-01-02,Tue,155,A+,0,1,0,0,96,98
J.L.,female,1980-09-23,Tue,166,O+,0,1,1,1,115,93
U.N.,female,1965-11-04,Thu,161,A+,1,1,0,0,96,103
S.W.,female,1973-04-26,Thu,144,O−,1,0,1,1,103,97
V.K.,male,1966-04-16,Sat,169,A−,0,0,0,0,101,81
D.Q.,female,1980-03-29,Sat,162,A+,1,1,0,1,119,111
H.Y.,male,1980-11-21,Fri,162,A+,0,1,0,0,99,97
E.Z.,male,1941-03-05,Wed,155,O+,1,1,1,1,106,94
A.S.,female,1947-10-07,Tue,160,A+,0,1,0,0,88,110
Q.U.,female,1940-06-09,Sun,161,A+,1,1,0,0,121,99
X.N.,female,1957-06-07,Fri,151,A+,1,1,0,1,117,92
T.Y.,male,1973-08-06,Mon,161,A+,0,0,0,1,97,91
C.M.,male,1948-04-08,Thu,207,O+,1,0,1,0,106,90
F.Z.,male,1958-06-28,Sat,161,A+,1,0,0,0,110,95
A.F.,male,1961-03-23,Thu,150,O+,1,0,1,0,95,112
X.D.,female,1972-05-18,Thu,172,B+,0,1,0,0,109,118
J.E.,male,1950-05-06,Sat,170,O+,1,1,1,1,111,105
E.Z.,male,1983-06-08,Wed,187,A+,1,1,1,1,122,91
V.Y.,female,1934-08-20,Mon,152,B+,0,1,1,1,128,100
K.W.,male,1990-12-02,Sun,153,O+,1,0,1,1,122,92
B.H.,female,1968-07-26,Fri,159,B+,1,1,0,1,110,107
M.Q.,male,1941-04-23,Wed,150,A−,1,1,1,0,92,98
N.U.,female,1969-03-21,Fri,160,A+,1,1,1,1,104,117
O.J.,female,1991-03-01,Fri,163,O−,1,1,0,0,98,94
R.G.,male,1961-08-18,Fri,168,B+,1,1,1,0,107,101
G.N.,male,1986-09-13,Sat,172,A+,1,0,0,0,103,100
T.U.,male,1984-12-21,Fri,169,A+,0,1,0,0,101,105
C.P.,male,1954-07-04,Sun,186,A+,1,1,0,0,96,88
X.Q.,female,1993-04-08,Thu,167,O+,0,1,0,0,105,118
H.J.,male,1942-12-20,Sun,165,A+,0,1,1,0,100,103
R.X.,male,1951-07-06,Fri,174,O+,1,0,1,0,99,102
S.X.,female,1948-12-02,Thu,155,A+,1,0,0,0,83,123
J.W.,male,1932-10-02,Sun,175,O+,1,1,0,0,112,102
B.G.,female,1991-09-17,Tue,176,O+,1,1,0,0,76,124
J.J.,male,1958-12-31,Wed,167,O+,1,0,0,1,96,108
H.K.,male,1961-07-28,Fri,168,A+,0,0,0,0,110,98
J.H.,male,1993-04-20,Tue,177,O+,1,1,1,0,109,96
U.Z.,male,1998-01-03,Sat,169,O+,1,0,0,0,88,101
T.P.,female,1971-05-21,Fri,155,O+,0,0,0,1,98,116
P.P.,female,1963-01-31,Thu,162,B−,1,1,1,0,101,110
G.L.,female,1981-06-06,Sat,164,O+,1,0,1,0,115,95
Z.C.,female,2000-01-12,Wed,160,A+,0,1,1,0,96,117
B.M.,female,1976-06-03,Thu,156,A+,1,0,1,1,107,125
B.Y.,male,1991-09-29,Sun,167,B+,1,1,0,0,114,103
Q.H.,male,1974-06-26,Wed,188,O+,1,0,1,0,102,111
Z.J.,male,1971-08-23,Mon,171,A+,1,0,NA,1,108,101
J.I.,male,1963-10-12,Sat,178,B+,1,0,0,1,110,95
C.P.,male,1954-09-08,Wed,162,O+,1,0,1,0,113,87
I.A.,male,1959-02-25,Wed,171,O−,0,1,0,1,96,82
Z.J.,male,1951-01-13,Sat,161,A+,1,0,1,1,108,113
F.T.,female,1973-07-06,Fri,175,A+,1,1,0,0,103,102
H.K.,female,1967-03-26,Sun,171,AB+,1,0,1,0,114,105
K.L.,female,1996-02-07,Wed,160,O+,1,0,0,0,103,110
U.F.,female,1945-04-03,Tue,148,A+,0,1,0,1,95,110
T.P.,female,1983-11-28,Mon,165,O+,1,1,0,0,100,NA
I.J.,male,1971-05-11,Tue,170,B+,0,0,NA,0,96,96
A.M.,female,1952-01-28,Mon,160,A+,0,1,0,1,102,118
Z.A.,female,1967-10-02,Mon,144,O−,NA,1,0,0,99,107
C.L.,male,1996-08-29,Thu,175,O−,1,0,0,0,89,87
I.Z.,female,1937-01-23,Sat,167,A−,1,1,1,0,105,97
P.T.,male,1972-08-30,Wed,189,A−,1,1,0,0,98,80
R.S.,female,1991-03-20,Wed,162,A+,0,1,1,1,100,109
C.F.,female,1983-12-17,Sat,147,O+,0,1,0,NA,107,110
Q.Y.,male,1981-11-04,Wed,151,O+,1,1,0,0,93,102
V.A.,female,1959-08-10,Mon,156,O+,1,0,0,0,86,120
R.V.,female,1936-07-22,Wed,145,O+,0,0,NA,0,93,130
V.V.,female,1964-04-02,Thu,166,O+,1,NA,0,0,91,118
E.C.,male,1950-05-04,Thu,179,A+,0,1,0,0,104,81
L.P.,male,1964-07-27,Mon,173,O−,0,0,1,0,110,98
W.W.,female,1986-02-03,Mon,159,A+,0,1,1,0,90,106
S.Q.,female,1960-04-03,Sun,149,O+,1,1,1,1,115,106
R.W.,male,1995-02-06,Mon,182,O+,0,1,1,0,100,94
W.W.,female,1991-02-20,Wed,150,A+,0,1,0,0,97,106
I.O.,female,1969-02-25,Tue,151,A+,1,0,1,0,93,108
T.U.,female,1934-12-14,Fri,149,A+,0,0,1,0,92,113
F.W.,female,1987-07-27,Mon,184,A−,1,1,1,0,121,77
K.Z.,female,1963-07-03,Wed,153,O+,0,1,0,1,NA,101
O.X.,female,1966-10-19,Wed,161,A+,0,1,0,0,90,117
S.G.,female,1975-12-27,Sat,156,A−,1,1,0,1,106,101
A.M.,male,1961-10-10,Tue,164,A+,1,1,1,0,95,105
W.G.,male,1984-03-17,Sat,175,O+,1,0,0,1,107,108
R.W.,female,1952-12-04,Thu,141,A+,1,1,0,0,92,115
X.K.,female,1942-01-14,Wed,160,O+,1,1,1,1,100,107
W.N.,male,1952-03-30,Sun,176,A+,1,1,0,0,99,113
T.Y.,female,1990-01-21,Sun,158,O−,1,1,0,1,102,94
O.I.,female,1978-10-18,Wed,157,A+,1,1,0,0,97,108
T.L.,female,1950-11-02,Thu,165,A+,0,0,0,0,98,109
M.M.,female,1977-02-06,Sun,157,O+,0,1,0,1,100,102
T.C.,female,1939-01-11,Wed,151,O+,0,1,1,0,103,112
Q.K.,female,1979-03-07,Wed,172,O+,1,1,0,0,100,122
U.Q.,female,1978-02-04,Sat,156,O+,1,1,0,1,124,109
G.R.,female,2000-08-18,Fri,153,O+,0,0,1,0,108,107
J.X.,female,1946-04-04,Thu,164,O+,0,0,0,0,101,110
R.Y.,female,1933-08-02,Wed,159,A−,0,1,0,0,99,104
D.Z.,male,1983-10-08,Sat,180,A+,1,0,0,0,NA,99
J.G.,female,1935-12-07,Sat,149,B+,1,1,0,0,109,114
Q.T.,male,1968-10-06,Sun,154,O+,1,1,0,0,100,96
Z.Y.,male,1990-07-07,Sat,156,A+,0,0,1,1,97,93
U.I.,female,1984-07-20,Fri,162,B−,1,1,0,0,95,110
C.F.,female,1934-03-26,Mon,146,B+,1,1,1,1,105,110
A.P.,female,1993-09-16,Thu,173,O+,1,1,0,0,95,107
E.D.,female,1988-10-03,Mon,161,A+,1,1,0,1,112,100
D.X.,female,1963-03-12,Tue,172,A+,0,1,0,1,93,112
G.O.,female,1985-09-22,Sun,163,A+,1,1,1,1,112,110
Q.D.,female,1962-07-18,Wed,162,A+,NA,0,0,NA,100,103
W.H.,female,1972-03-01,Wed,161,A+,0,1,1,1,110,112
O.W.,female,1945-12-12,Wed,160,A+,0,0,1,0,102,107
Q.K.,female,1967-02-28,Tue,161,A+,0,1,1,0,98,110
A.J.,female,1984-08-23,Thu,163,A+,1,0,1,0,85,96
S.H.,female,1985-05-14,Tue,159,O+,NA,1,0,1,113,107
U.U.,male,1970-05-27,Wed,162,AB+,1,0,0,0,90,100
F.J.,female,1959-12-14,Mon,171,O+,0,0,0,1,95,100
I.X.,female,1969-01-15,Wed,147,A+,0,1,0,0,99,113
K.V.,male,1990-06-23,Sat,193,A+,1,1,0,0,100,92
I.D.,male,1951-10-15,Mon,161,O+,0,0,0,1,93,100
Q.R.,male,1939-08-12,Sat,155,O+,0,0,1,1,102,98
H.E.,male,1960-03-14,Mon,167,A+,1,0,1,0,97,NA
I.D.,male,1979-04-27,Fri,164,O+,1,0,0,0,110,97
G.Y.,female,1988-10-11,Tue,163,O+,0,0,1,0,96,109
U.L.,female,1997-08-09,Sat,172,O−,0,1,1,0,119,87
C.X.,female,1999-03-12,Fri,153,A+,1,1,0,0,96,106
V.F.,female,1974-08-16,Fri,148,O−,1,1,0,1,108,103
P.B.,male,1974-03-22,Fri,158,O+,0,0,1,0,100,84
M.U.,female,1993-02-23,Tue,166,O+,1,1,0,0,94,104
P.I.,male,1984-02-06,Mon,191,A+,1,1,0,0,92,103
Z.M.,female,1982-02-18,Thu,164,A+,0,1,1,1,100,114
R.T.,female,1939-12-08,Fri,154,A+,1,1,1,1,97,112
X.L.,female,1964-02-28,Fri,157,O+,0,1,0,0,101,107
T.T.,female,1962-01-11,Thu,145,O+,1,0,1,0,96,119
L.J.,male,1966-05-31,Tue,174,O+,0,1,1,1,105,78
C.F.,male,1947-07-12,Sat,188,A+,0,0,0,0,103,109
X.X.,male,1993-04-18,Sun,187,B+,0,1,1,0,105,92
Q.J.,female,1973-08-03,Fri,154,O+,1,1,0,1,114,108
R.K.,male,1942-09-08,Tue,165,O+,1,0,1,0,91,97
R.X.,female,1999-12-03,Fri,176,A+,1,0,1,0,96,110
K.D.,female,1948-04-12,Mon,162,A+,1,1,1,0,133,83
J.M.,male,1966-08-13,Sat,166,A−,1,1,1,1,122,76
G.D.,female,1961-03-09,Thu,167,O+,0,1,1,0,99,108
A.Q.,male,1980-06-04,Wed,177,O+,1,0,1,1,108,93
B.D.,female,1993-01-13,Wed,175,O+,1,1,1,1,111,115
Y.G.,male,1989-04-18,Tue,162,AB+,0,0,0,0,92,99
A.Z.,male,1991-09-08,Sun,169,A+,0,0,1,0,90,106
Q.S.,female,1932-09-18,Sun,163,A−,1,1,0,0,123,94
S.V.,female,1963-04-05,Fri,154,A+,1,1,0,0,105,109
D.R.,female,1957-08-21,Wed,150,O+,0,1,1,0,111,105
W.Z.,female,1981-03-05,Thu,159,O+,0,1,0,0,96,111
H.D.,male,1960-09-11,Sun,169,O+,0,0,1,0,112,85
N.V.,male,1953-03-15,Sun,177,O+,1,1,1,0,120,96
X.J.,male,1950-01-08,Sun,174,A−,NA,1,0,0,108,90
I.V.,male,1979-08-21,Tue,165,A+,0,0,0,0,102,80
L.S.,female,1954-02-20,Sat,178,O+,0,0,0,1,102,111
X.A.,male,1933-01-18,Wed,164,O+,1,1,0,0,96,96
M.K.,male,1997-07-21,Mon,156,A−,1,1,0,0,89,103
I.R.,female,1975-06-03,Tue,157,AB+,1,1,1,1,102,103
W.C.,male,1980-09-13,Sat,186,B+,1,0,0,0,105,101
I.Y.,male,1972-12-03,Sun,167,O+,0,1,1,0,102,93
X.R.,female,1961-04-18,Tue,161,O−,0,1,0,1,92,103
J.A.,male,1936-12-07,Mon,132,A+,0,0,1,0,90,90
S.M.,male,1966-03-24,Thu,158,A+,1,0,1,1,106,109
A.O.,male,1993-10-13,Wed,188,A+,1,1,1,0,101,121
C.J.,male,1975-06-30,Mon,176,A+,0,0,NA,1,99,94
Z.C.,female,1965-04-28,Wed,149,A+,1,1,1,0,107,112
U.C.,female,1963-05-28,Tue,148,A+,1,1,0,1,123,111
W.Z.,female,1996-05-28,Tue,172,O+,1,0,1,0,102,104
P.R.,male,1936-07-04,Sat,175,A+,1,0,1,0,119,78
M.H.,male,1999-05-22,Sat,170,O+,1,1,1,0,96,104
A.R.,female,1996-04-29,Mon,165,O+,0,1,1,0,104,98
O.P.,female,1935-02-14,Thu,142,B+,0,1,0,0,94,111
I.X.,male,1957-12-25,Wed,169,O+,0,0,1,1,95,98
X.Z.,female,1985-03-20,Wed,161,A+,0,0,1,0,105,102
I.Y.,male,1940-05-28,Tue,155,O−,1,0,0,0,90,85
X.R.,male,1963-09-16,Mon,181,A−,0,0,1,0,95,81
U.P.,male,1956-11-29,Thu,181,B+,1,1,0,0,95,105
U.C.,male,1955-10-07,Fri,166,O+,1,1,1,0,104,101
G.S.,female,1972-09-12,Tue,165,A+,1,1,0,0,99,105
A.Q.,male,1948-04-13,Tue,175,O−,0,0,0,0,105,75
R.L.,male,1952-07-20,Sun,173,O+,1,1,1,0,NA,102
R.A.,male,1951-03-14,Wed,188,O+,0,0,1,0,98,94
B.H.,female,1939-12-11,Mon,152,B+,0,1,1,1,103,106
M.U.,male,1981-01-16,Fri,173,O+,1,0,0,1,93,97
J.X.,female,1938-11-23,Wed,166,O−,0,1,0,1,NA,104
N.H.,male,1949-03-25,Fri,184,O+,1,1,0,0,95,98
G.P.,female,1944-05-08,Mon,158,O+,NA,1,1,0,97,100
J.S.,male,1932-04-23,Sat,166,O+,1,1,1,0,NA,86
D.P.,female,1974-02-10,Sun,148,B+,0,1,1,0,103,111
V.J.,female,1959-02-16,Mon,149,O+,0,1,1,0,95,110
I.U.,female,1958-10-09,Thu,155,A+,0,1,0,1,84,111
G.V.,female,1946-05-30,Thu,149,O+,1,1,1,0,112,101
T.I.,male,2000-07-04,Tue,201,O+,1,0,0,0,104,89
L.K.,female,1968-01-17,Wed,158,O+,0,0,NA,0,101,117
I.D.,female,1969-03-29,Sat,165,O−,1,0,0,0,106,107
X.D.,male,1984-03-29,Thu,169,O+,1,0,1,0,97,111
V.O.,female,1982-06-06,Sun,153,A+,1,0,0,1,118,113
D.B.,female,1992-03-30,Mon,173,O+,0,1,1,0,93,110
H.W.,female,1967-01-02,Mon,160,O+,0,1,1,1,103,129
V.B.,female,1969-10-09,Thu,171,A−,0,1,NA,1,104,112
B.I.,female,1951-07-14,Sat,155,A+,1,1,1,0,111,127
D.A.,male,1949-10-20,Thu,179,B+,1,1,0,0,86,107
D.O.,female,1940-07-16,Tue,154,O+,1,1,1,0,87,121
D.T.,male,1935-08-28,Wed,188,B+,1,1,1,0,117,85
C.F.,male,1981-04-13,Mon,171,O+,1,1,0,1,103,88
L.N.,male,1932-08-15,Mon,181,AB+,0,1,0,0,93,97
Y.B.,female,1931-01-18,Sun,160,O+,1,0,1,0,97,108
D.W.,male,1945-11-08,Thu,172,O−,0,1,0,0,93,83
D.V.,male,1970-07-05,Sun,173,A+,0,0,0,0,110,99
W.R.,male,1974-11-21,Thu,159,A−,0,1,0,0,93,91
A.Z.,male,1965-02-04,Thu,158,O+,1,1,0,0,93,106
D.C.,female,1997-06-21,Sat,164,O+,0,0,1,0,111,123
U.I.,female,1950-03-26,Sun,162,O+,0,0,1,0,90,112
S.I.,female,1982-07-24,Sat,163,O+,1,1,0,0,116,117
W.K.,male,1983-10-25,Tue,181,A+,0,1,1,0,97,103
O.X.,female,1982-05-04,Tue,164,A+,0,1,0,0,86,121
Y.W.,female,1985-06-21,Fri,150,O+,1,0,1,1,100,107
K.J.,female,1959-04-02,Thu,161,A+,1,0,1,1,102,120
L.X.,male,1935-11-25,Mon,177,B+,0,1,1,1,101,93
J.P.,female,1951-06-30,Sat,165,O+,0,1,0,1,97,109
Q.S.,male,1949-06-26,Sun,177,O+,0,0,0,1,102,118
A.M.,male,1988-12-22,Thu,172,A+,1,1,0,0,91,109
L.O.,male,1979-08-27,Mon,177,O+,1,1,1,0,129,78
E.O.,male,1949-11-09,Wed,176,A−,1,1,1,0,114,80
P.Q.,female,1953-04-16,Thu,161,O+,0,0,0,0,108,102
U.J.,male,1956-09-10,Mon,177,A+,0,1,NA,0,96,98
I.Z.,male,1990-12-10,Mon,187,O+,1,0,1,1,99,102
S.K.,female,1987-05-05,Tue,163,O+,1,1,0,0,111,99
O.C.,female,1956-06-19,Tue,151,A+,0,1,1,1,89,118
W.M.,female,2001-10-08,Mon,170,O+,1,1,0,0,103,117
H.M.,male,1987-01-12,Mon,190,A+,1,0,1,0,101,106
B.W.,male,1995-01-06,Fri,176,O−,0,1,0,0,100,77
T.B.,female,1994-08-15,Mon,160,A+,0,0,0,1,99,115
L.N.,male,1940-09-03,Tue,157,A+,0,NA,1,0,108,93
T.G.,female,2000-03-27,Mon,158,O+,0,0,1,1,106,110
M.Z.,female,1945-11-21,Wed,162,O+,0,0,0,0,104,113
V.G.,male,1950-05-14,Sun,192,O+,0,0,0,0,117,99
G.X.,male,1969-06-11,Wed,169,A+,1,1,1,NA,118,83
P.B.,female,1972-06-14,Wed,164,A+,1,1,1,0,107,109
S.T.,female,1934-06-27,Wed,169,O−,0,1,1,1,121,87
G.N.,female,1976-02-24,Tue,164,O+,0,1,0,1,85,106
U.S.,male,1995-07-05,Wed,183,B−,1,0,1,0,93,81
W.B.,female,1993-09-10,Fri,146,O+,0,1,1,NA,110,97
A.Y.,male,1950-08-02,Wed,167,O+,1,1,1,1,110,88
G.X.,male,1990-12-10,Mon,164,O+,0,0,0,0,95,117
N.S.,female,1967-11-20,Mon,153,O+,0,1,0,1,92,112
Y.B.,male,1931-06-04,Thu,170,O+,0,0,0,1,96,104
D.T.,male,1966-10-17,Mon,165,A+,0,1,1,1,112,91
W.S.,male,1986-01-06,Mon,166,O+,1,1,0,1,108,96
X.T.,male,2000-01-14,Fri,168,A+,0,0,1,0,89,101
E.M.,male,1973-11-10,Sat,181,O+,0,0,0,1,100,102
K.M.,male,1947-08-14,Thu,164,O+,1,0,0,0,100,92
L.A.,male,1936-11-09,Mon,174,A+,1,1,1,0,99,109
R.K.,female,1981-09-18,Fri,162,O−,1,0,0,1,105,98
A.H.,female,1937-08-28,Sat,156,AB+,1,1,0,1,117,105
A.Q.,male,1959-08-23,Sun,171,A+,1,0,0,0,97,88
V.T.,female,1993-05-09,Sun,165,O+,0,0,0,1,104,96
N.Q.,female,1947-10-09,Thu,166,AB+,0,1,0,0,98,105
K.L.,male,1994-07-21,Thu,180,O+,1,1,0,0,89,96
Q.M.,female,1961-11-26,Sun,163,A+,1,1,0,1,105,111
O.N.,male,1995-08-04,Fri,177,A+,0,0,0,0,118,70
V.O.,female,1997-03-04,Tue,169,O+,0,1,1,NA,90,110
A.M.,male,1994-01-06,Thu,178,AB+,1,0,0,0,85,95
A.G.,female,1962-12-08,Sat,170,O+,1,1,1,1,93,112
Y.H.,female,1993-08-15,Sun,165,A+,0,0,1,NA,105,115
B.Z.,female,1982-09-27,Mon,152,A+,1,1,0,1,99,100
B.O.,female,2001-05-21,Mon,172,O+,0,1,0,1,121,105
M.V.,female,1959-11-23,Mon,150,A−,NA,1,1,1,102,103
N.V.,female,1938-01-23,Sun,159,B+,1,1,0,0,113,122
B.T.,female,1972-01-15,Sat,168,O−,0,1,0,0,99,107
I.Q.,male,1975-08-27,Wed,186,A+,0,0,1,0,92,99
S.Y.,female,1949-06-27,Mon,160,A+,0,1,0,1,99,118
H.Z.,female,1977-11-27,Sun,155,A+,0,1,1,1,NA,121
M.U.,male,1931-10-11,Sun,166,A+,1,0,1,0,107,93
X.Z.,female,1988-04-15,Fri,165,A−,1,1,0,0,114,92
F.F.,female,1975-01-04,Sat,157,A+,1,0,1,0,114,103
S.V.,male,1956-08-15,Wed,164,O+,0,0,1,0,98,93
B.S.,male,1952-11-06,Thu,170,O+,0,1,1,0,103,116
H.G.,male,1954-02-11,Thu,170,AB−,1,0,0,0,99,95
Z.W.,male,1991-04-19,Fri,180,A+,1,1,NA,0,110,77
R.W.,male,1965-01-03,Sun,179,O−,0,0,0,0,97,86
V.Z.,male,1992-04-27,Mon,194,O+,0,0,0,0,103,102
X.H.,male,1956-07-24,Tue,183,O+,1,1,0,0,85,100
L.W.,male,1952-10-29,Wed,168,B+,1,0,1,1,101,109
N.G.,male,1981-01-23,Fri,172,O+,0,0,1,0,98,119
W.R.,female,1965-10-12,Tue,165,A+,1,1,1,0,94,103
P.Y.,male,1968-12-28,Sat,167,O+,1,0,0,1,103,103
D.U.,female,1982-02-01,Mon,161,O+,1,1,0,0,109,111
I.X.,female,1993-08-09,Mon,179,A+,1,1,1,0,103,NA
Q.E.,female,1951-05-08,Tue,155,O−,0,0,0,1,92,103
L.T.,male,1969-08-07,Thu,172,A+,0,1,1,0,92,101
G.Z.,male,1955-12-03,Sat,169,O+,1,1,1,0,116,105
N.Z.,female,1962-04-27,Fri,157,A−,1,1,1,1,119,108
K.P.,female,1988-03-13,Sun,156,A−,0,0,0,0,107,113
X.W.,female,1943-03-29,Mon,154,O+,1,1,1,1,108,108
L.H.,male,1971-11-26,Fri,165,A+,1,0,0,NA,102,92
X.Z.,male,1947-10-09,Thu,168,O+,1,1,0,1,89,108
D.O.,male,1964-02-21,Fri,190,O−,0,0,0,0,100,86
I.W.,female,1974-07-28,Sun,154,O+,1,0,0,1,100,105
B.J.,female,1982-12-01,Wed,156,O+,0,NA,1,0,98,116
N.T.,female,1978-06-26,Mon,176,O+,0,1,NA,1,97,104
H.V.,female,1942-03-16,Mon,169,O+,1,1,0,0,100,120
A.A.,female,1950-02-02,Thu,159,O+,1,1,0,0,96,103
G.V.,female,1985-01-28,Mon,157,A+,1,1,1,0,100,109
B.C.,female,1978-03-16,Thu,175,O+,1,1,0,1,108,120
Q.R.,male,1986-09-22,Mon,181,O+,0,0,1,0,104,98
J.E.,male,1981-01-26,Mon,206,O−,1,1,0,0,94,104
A.M.,female,1963-08-06,Tue,161,O+,1,1,0,0,102,112
P.Y.,male,1994-11-02,Wed,185,O+,NA,1,1,1,98,107
J.E.,male,1985-07-13,Sat,176,O−,0,0,0,0,99,76
Z.A.,male,1990-08-07,Tue,174,A+,1,1,0,1,102,94
S.B.,female,1932-11-13,Sun,154,A+,0,1,0,1,98,116
H.B.,male,1953-03-19,Thu,174,O−,1,0,0,1,95,93
R.X.,female,1967-11-06,Mon,172,O+,1,0,1,1,104,101
M.S.,male,1981-02-12,Thu,171,A+,1,0,0,0,99,110
R.J.,male,1973-01-06,Sat,170,A+,0,0,0,1,120,99
Z.J.,male,1983-05-24,Tue,176,A+,1,1,1,0,121,101
H.H.,female,1990-03-11,Sun,173,B+,1,1,1,0,102,102
S.N.,male,1962-06-13,Wed,161,O+,0,0,0,0,105,91
X.O.,male,1944-01-22,Sat,175,O−,0,1,1,0,112,87
E.Z.,female,1978-01-15,Sun,166,O+,1,0,0,0,102,111
C.H.,male,1992-01-01,Wed,190,A+,1,0,1,0,96,99
K.R.,female,1937-10-05,Tue,147,A+,1,0,0,1,93,111
N.G.,female,1980-09-27,Sat,160,A+,0,1,0,0,91,118
Q.O.,female,1934-02-26,Mon,151,A+,1,1,0,0,99,113
S.U.,female,1951-12-03,Mon,158,O+,0,1,0,0,96,108
E.U.,male,1948-10-06,Wed,163,A+,1,0,1,0,96,NA
Y.W.,male,1980-12-20,Sat,193,O−,1,0,0,1,NA,95
Y.E.,female,1980-02-17,Sun,172,A+,0,1,0,0,105,115
D.D.,female,1967-03-11,Sat,160,O+,0,1,0,0,91,113
Q.R.,female,1953-03-20,Fri,164,A+,1,1,1,0,100,110
R.F.,female,1952-08-28,Thu,158,A−,1,0,0,1,83,98
E.M.,female,1946-07-18,Thu,160,O+,0,1,1,1,NA,100
U.U.,male,1969-03-12,Wed,180,O+,0,1,1,0,95,99
N.Z.,male,1977-07-03,Sun,172,O−,0,0,1,0,110,85
Z.N.,female,1954-01-14,Thu,171,O−,0,0,0,1,98,105
C.O.,male,1974-10-19,Sat,185,A+,0,0,0,0,99,97
D.P.,female,1984-07-08,Sun,174,O+,1,1,0,0,92,103
Y.F.,female,1945-04-27,Fri,155,A+,1,1,1,0,104,107
K.J.,male,1977-11-01,Tue,176,B+,1,1,0,0,94,104
T.C.,female,1997-04-02,Wed,189,O−,0,1,0,0,113,92
D.S.,male,1957-08-06,Tue,177,O+,1,0,1,1,89,85
W.G.,male,1971-10-02,Sat,174,A+,1,1,0,0,103,107
R.I.,female,1970-08-14,Fri,172,A+,NA,1,0,0,106,97
U.R.,male,1979-08-24,Fri,168,O+,0,1,1,0,100,112
G.G.,male,1996-04-25,Thu,166,O+,1,1,1,1,107,100
S.G.,female,1942-07-17,Fri,160,B+,1,1,1,0,111,108
O.U.,female,1944-02-17,Thu,164,O+,1,1,0,0,83,122
Q.M.,female,1933-01-05,Thu,169,A+,1,0,0,0,102,111
Q.Z.,female,1972-01-25,Tue,163,A+,0,1,1,0,91,111
T.D.,male,1976-04-11,Sun,179,B+,0,0,0,1,99,93
I.U.,female,1947-09-01,Mon,155,B+,0,0,1,0,105,93
Y.K.,female,1930-09-01,Mon,147,O+,1,1,0,0,103,101
F.Z.,female,1946-03-30,Sat,157,B+,1,1,0,0,112,104
D.U.,male,1996-09-11,Wed,191,O+,0,1,0,0,97,96
S.U.,male,1968-03-15,Fri,172,A+,0,0,1,NA,92,102
N.L.,female,1995-11-11,Sat,165,A+,0,1,1,0,NA,116
D.Z.,male,1950-01-22,Sun,177,A+,1,1,0,0,94,93
O.M.,female,1957-02-01,Fri,171,O+,1,1,1,0,103,106
K.G.,female,1957-08-26,Mon,165,O+,0,1,1,1,105,97
E.W.,male,1974-07-25,Thu,179,A+,1,1,NA,0,106,89
Q.Z.,female,1967-05-19,Fri,162,A+,0,1,0,1,118,107
Y.Y.,female,1998-11-10,Tue,155,A+,1,1,0,0,92,117
X.K.,female,1963-09-14,Sat,154,O+,0,1,0,0,105,73
Z.U.,male,1971-09-11,Sat,177,A+,1,0,1,0,110,112
T.D.,male,1954-07-06,Tue,193,A+,0,0,0,1,107,70
G.P.,male,1972-07-29,Sat,179,A+,NA,0,0,0,115,97
L.C.,male,1994-04-08,Fri,180,A+,0,1,1,0,105,89
T.X.,female,1992-07-11,Sat,176,A+,0,1,0,1,119,101
D.J.,male,1965-02-12,Fri,182,A+,1,0,1,1,103,113
E.Z.,female,1968-08-29,Thu,156,A+,0,1,0,1,110,108
E.O.,male,1957-07-28,Sun,166,O−,1,0,1,0,119,84
P.Y.,female,1969-01-22,Wed,160,A+,0,0,1,0,95,98
Q.M.,female,1963-08-14,Wed,159,A+,0,0,1,0,97,104
G.D.,female,1948-05-20,Thu,135,A+,1,1,0,0,106,98
L.U.,male,1941-10-13,Mon,171,O+,0,0,0,1,97,109
Y.J.,female,1980-03-12,Wed,162,O+,1,0,1,0,93,108
H.J.,male,1990-06-13,Wed,188,B+,0,0,0,0,102,89
H.B.,male,1959-03-15,Sun,171,A−,0,1,0,0,91,92
X.D.,female,1928-10-03,Wed,157,O−,1,1,1,1,103,99
N.I.,male,1986-02-20,Thu,174,O−,NA,0,0,1,85,96
S.N.,male,1976-09-14,Tue,181,O+,1,0,0,0,91,97
Y.Y.,male,1964-01-11,Sat,174,O+,1,0,0,1,115,94
V.O.,male,1952-11-21,Fri,183,AB+,1,1,1,0,107,95
R.K.,female,1984-09-16,Sun,154,O+,1,1,0,0,103,120
K.A.,female,1989-11-19,Sun,153,A+,1,1,1,0,102,119
G.F.,male,1988-05-07,Sat,170,O+,0,1,0,0,113,93
V.O.,female,2000-07-24,Mon,167,A+,1,1,1,1,116,92
F.I.,male,2000-08-05,Sat,175,A+,1,1,0,0,115,96
R.S.,male,1983-07-10,Sun,190,O+,0,1,NA,1,128,97
H.K.,male,1981-03-08,Sun,173,O+,0,0,0,0,96,99
N.Z.,male,1994-05-25,Wed,164,O+,1,0,0,1,98,97
U.T.,male,1957-06-03,Mon,187,A+,0,1,0,1,97,98
P.H.,male,1994-12-07,Wed,181,B+,0,1,1,0,98,99
J.J.,male,1971-09-05,Sun,181,O+,0,1,0,0,114,98
J.D.,female,1989-11-22,Wed,150,B+,1,1,1,0,105,100
Y.D.,female,1959-03-14,Sat,161,B−,1,1,0,0,105,105
A.I.,female,1941-10-29,Wed,165,B+,1,1,1,1,NA,111
T.A.,female,1962-08-03,Fri,148,O+,0,0,0,1,101,100
A.H.,female,1980-01-29,Tue,179,A+,1,1,NA,0,97,116
K.W.,male,1991-08-13,Tue,171,O+,1,0,1,1,94,100
E.M.,female,1941-01-31,Fri,160,A+,0,1,1,1,114,NA
J.E.,female,1942-04-03,Fri,138,A+,1,1,1,1,122,104
Z.A.,female,1947-12-21,Sun,179,A−,1,1,1,0,106,110
Z.U.,male,1977-03-25,Fri,159,B+,1,1,0,1,100,103
M.K.,male,1988-11-21,Mon,173,O+,1,0,1,1,101,89
C.J.,female,1981-06-03,Wed,159,O−,1,0,1,0,101,93
U.Q.,female,1939-08-20,Sun,157,A−,1,0,0,1,106,NA
U.V.,female,1967-08-10,Thu,166,O+,0,1,1,0,95,103
B.M.,female,1954-01-15,Fri,160,O−,1,0,0,0,96,97
S.R.,female,1994-03-26,Sat,159,B+,0,1,1,1,102,123
F.K.,female,1930-11-11,Tue,153,A+,1,1,1,1,107,123
F.A.,female,1945-09-08,Sat,168,A−,1,0,NA,0,117,89
C.H.,male,1947-12-20,Sat,174,O+,1,0,NA,0,103,93
N.J.,female,1989-11-26,Sun,164,O+,1,0,1,1,124,108
C.Z.,male,1963-04-13,Sat,186,O+,1,1,1,0,133,86
A.Q.,female,1996-06-17,Mon,144,B+,0,0,1,0,100,100
A.D.,female,1993-06-23,Wed,169,O+,1,1,1,0,112,107
N.O.,female,2000-09-15,Fri,165,A+,1,1,0,0,113,102
U.P.,male,1961-07-25,Tue,160,O+,1,0,1,NA,91,105
F.Q.,male,1996-07-31,Wed,140,O+,0,0,1,1,94,90
H.R.,male,1934-09-04,Tue,164,A+,0,1,1,0,105,91
T.H.,male,1964-06-12,Fri,196,A+,1,0,1,0,104,98
O.C.,male,1992-09-24,Thu,189,O+,0,1,0,0,96,93
Y.Q.,female,1994-05-31,Tue,161,A+,0,1,0,0,102,99
L.O.,male,1983-03-04,Fri,200,O+,1,1,0,0,92,89
J.C.,male,1967-09-08,Fri,180,A+,1,1,0,0,101,104
Z.A.,female,1944-02-22,Tue,159,A+,0,0,0,1,98,101
L.H.,female,1949-03-15,Tue,147,A+,1,1,1,0,104,92
C.M.,female,1990-01-06,Sat,164,A+,0,1,1,0,109,120
T.H.,female,1986-02-03,Mon,161,AB−,0,1,0,0,101,105
N.T.,male,1980-09-19,Fri,184,A+,1,1,0,0,94,NA
R.W.,male,1969-10-05,Sun,164,O+,0,0,1,0,98,103
S.B.,female,1933-08-22,Tue,149,A+,0,1,0,0,103,93
Y.K.,male,1976-09-15,Wed,167,O+,1,0,NA,0,108,97
X.E.,female,1952-04-14,Mon,164,A+,1,1,1,1,108,116
L.G.,male,1974-05-18,Sat,174,O+,1,1,0,0,103,95
Q.G.,male,1936-09-29,Tue,173,O+,1,1,1,0,114,104
U.Y.,male,1971-11-24,Wed,177,O+,NA,0,1,1,103,96
R.T.,female,1987-08-03,Mon,169,A+,1,0,0,1,102,111
M.D.,female,1972-03-18,Sat,170,O+,1,0,1,0,107,100
X.N.,female,1942-02-27,Fri,165,O+,1,1,1,0,107,117
U.B.,male,1983-06-16,Thu,176,A+,0,1,0,0,95,94
I.K.,male,1982-07-30,Fri,167,O+,1,0,0,1,110,89
F.D.,female,1956-05-26,Sat,143,B+,0,1,1,1,114,118
F.M.,male,1983-05-12,Thu,174,O−,0,0,NA,0,86,71
C.O.,female,1962-03-26,Mon,156,O+,1,1,NA,0,101,112
T.O.,male,1965-08-08,Sun,173,B+,0,1,0,1,95,109
J.H.,female,1990-05-10,Thu,169,A−,1,1,1,1,112,102
N.W.,female,1967-09-11,Mon,160,A+,1,0,0,0,110,94
D.U.,male,1974-06-28,Fri,181,B+,1,0,0,0,98,89
N.D.,male,1982-05-08,Sat,161,A+,1,0,1,NA,119,83
A.I.,female,1973-08-08,Wed,169,B+,1,1,1,0,110,113
A.D.,female,1980-11-21,Fri,169,A+,0,1,0,0,100,109
W.P.,male,1973-10-16,Tue,166,O+,1,0,1,0,85,108
B.O.,male,1988-04-14,Thu,189,O+,0,0,0,0,91,90
H.V.,male,1968-08-10,Sat,177,A+,1,1,NA,0,109,84
C.P.,male,1971-01-10,Sun,183,A+,1,0,0,0,93,94
G.D.,female,1946-07-21,Sun,152,A+,1,0,1,1,108,99
O.Q.,female,1974-11-20,Wed,158,O+,1,1,0,0,95,117
Y.I.,female,1962-09-09,Sun,160,AB+,NA,1,0,1,106,95
Y.C.,male,1959-11-16,Mon,189,O+,1,1,0,0,105,105
P.T.,female,1985-06-07,Fri,168,O+,0,1,1,1,109,107
H.T.,male,1998-01-11,Sun,182,O+,0,1,1,0,98,94
P.Z.,male,1959-10-05,Mon,174,B+,1,0,1,0,94,102
E.H.,male,1979-10-02,Tue,168,A−,0,1,1,0,103,83
N.R.,male,1947-06-09,Mon,163,A+,1,1,0,1,108,110
X.I.,female,1938-07-07,Thu,148,A+,0,0,1,0,101,100
I.M.,male,1977-06-01,Wed,175,A+,0,0,0,1,111,101
H.Q.,female,1956-12-09,Sun,174,O+,1,1,1,0,103,106
U.V.,male,1984-03-28,Wed,196,O+,1,0,1,0,96,101
Q.V.,male,1989-10-13,Fri,184,A+,0,0,0,0,90,NA
R.H.,male,1994-12-28,Wed,177,A+,1,1,0,0,105,104
V.H.,female,1982-02-09,Tue,161,O+,0,1,0,0,106,116
L.I.,female,1983-03-04,Fri,152,O−,0,0,0,0,99,97
A.X.,female,1951-06-22,Fri,160,A+,1,0,1,0,99,121
T.A.,female,1996-08-27,Tue,171,A+,0,1,0,1,104,118
B.U.,female,1988-07-31,Sun,157,A+,0,1,0,1,107,NA
Q.L.,male,2000-05-28,Sun,167,A+,0,0,1,0,112,102
T.M.,male,1962-06-14,Thu,160,B+,1,0,0,0,80,114
M.V.,female,1975-02-14,Fri,148,O+,0,1,0,1,92,114
O.Z.,male,1929-01-06,Sun,167,O+,0,0,0,0,110,102
X.M.,male,1945-05-30,Wed,186,A+,1,0,1,0,97,95
U.R.,male,1995-02-11,Sat,182,A+,1,1,0,1,111,97
X.O.,female,1962-12-12,Wed,153,AB−,1,1,1,1,96,105
C.U.,female,1987-08-28,Fri,154,O+,1,1,1,0,112,105
E.Q.,female,1990-04-18,Wed,177,B+,1,1,0,0,90,105
Q.E.,female,1963-11-24,Sun,155,A+,0,0,1,0,111,120
M.J.,male,1999-10-30,Sat,170,O+,1,0,0,1,105,85
H.J.,female,1970-11-18,Wed,163,O+,0,1,0,0,100,122
V.F.,female,1962-11-23,Fri,158,A+,0,0,0,0,102,115
M.T.,female,1972-02-17,Thu,171,A+,0,1,1,1,NA,106
V.Y.,female,1969-06-12,Thu,172,O+,0,1,0,1,82,106
E.G.,female,1991-12-22,Sun,157,B+,1,1,0,0,102,107
P.L.,female,1984-10-17,Wed,155,O−,1,1,1,1,102,101
G.G.,male,1980-05-02,Fri,165,A+,0,0,0,0,104,86
C.N.,male,1988-05-27,Fri,183,O+,0,1,1,1,116,92
U.B.,male,1992-10-14,Wed,172,O+,1,0,0,0,97,115
S.T.,male,1987-09-21,Mon,175,A−,1,0,0,1,95,82
C.Y.,female,1964-03-23,Mon,158,A−,0,1,1,1,104,103
Q.X.,female,1985-01-19,Sat,182,A−,1,0,NA,1,120,98
K.T.,female,2002-09-08,Sun,164,A+,1,0,NA,1,118,113
D.E.,female,1994-08-14,Sun,166,O+,0,0,0,1,106,NA
O.P.,male,1961-03-13,Mon,151,A+,1,0,1,0,102,NA
S.F.,male,1957-07-04,Thu,180,O+,1,1,0,1,94,96
N.V.,female,1974-12-17,Tue,154,AB−,1,1,1,1,94,105
X.Y.,male,1954-08-15,Sun,185,O+,0,1,1,1,94,102
V.O.,female,1968-09-02,Mon,161,A+,1,1,1,0,111,109
B.B.,female,1934-04-03,Tue,144,O+,1,1,0,1,109,95
Z.O.,male,1992-11-18,Wed,189,O−,1,1,1,0,104,98
V.P.,female,1987-11-17,Tue,178,A+,0,1,0,0,94,126
T.U.,male,1969-04-14,Mon,174,O−,0,0,1,0,95,94
X.H.,female,1953-10-22,Thu,167,AB+,0,1,1,1,108,105
C.A.,male,1964-03-04,Wed,170,O+,0,1,0,0,95,115
N.X.,female,1970-10-25,Sun,160,O+,1,1,0,0,102,107
B.L.,male,1970-06-26,Fri,168,O+,0,1,0,1,97,98
U.G.,female,1972-01-03,Mon,160,A+,0,1,0,0,103,116
O.N.,male,1988-09-25,Sun,171,A+,0,0,1,0,114,102
H.I.,female,1969-02-01,Sat,149,A−,0,1,1,1,112,92
P.Z.,male,1959-02-18,Wed,177,B+,1,0,1,1,102,104
X.F.,male,1976-04-10,Sat,185,A+,0,1,0,0,109,105
R.X.,female,1942-08-12,Wed,168,A+,1,1,1,0,114,114
Q.S.,female,1976-10-23,Sat,164,O+,1,0,1,1,118,98
W.P.,female,1963-09-14,Sat,158,A+,1,0,1,0,108,100
Z.W.,male,1945-06-20,Wed,153,O+,1,0,0,1,99,92
U.N.,male,2002-08-29,Thu,178,A−,1,0,1,0,94,96
E.X.,female,1962-04-18,Wed,160,AB+,1,1,1,0,119,93
U.B.,male,1989-01-19,Thu,173,AB+,1,1,1,0,97,95
X.V.,female,1994-08-31,Wed,154,O+,0,1,0,1,101,114
R.A.,male,2002-04-20,Sat,167,O+,0,0,1,0,116,89
F.D.,male,1926-05-30,Sun,169,O+,1,0,1,1,117,102
D.Y.,female,1951-10-26,Fri,161,A+,1,1,NA,0,92,117
N.Q.,female,1977-11-08,Tue,161,O+,1,0,1,0,94,105
C.K.,female,1986-02-09,Sun,169,A+,1,0,0,0,107,NA
R.P.,male,1947-03-24,Mon,168,A+,0,1,1,0,94,105
V.I.,female,1968-11-11,Mon,170,O+,0,1,1,0,96,124
S.S.,male,1980-01-21,Mon,175,O+,0,1,0,1,100,108
D.I.,male,1973-08-20,Mon,186,A+,0,0,1,0,100,88
K.T.,male,1959-02-07,Sat,188,A+,0,1,0,0,91,104
Z.X.,female,1933-01-27,Fri,152,B+,0,0,0,NA,97,111
A.R.,male,1997-10-17,Fri,167,O−,1,1,1,1,103,84
I.N.,female,1980-08-05,Tue,162,A+,1,1,1,0,95,120
K.X.,female,1949-06-18,Sat,159,A+,1,0,1,1,123,123
W.W.,male,1973-07-22,Sun,176,O+,1,1,1,1,126,111
H.U.,male,1931-09-03,Thu,170,A+,1,1,1,0,101,88
K.K.,female,1967-06-08,Thu,172,A−,1,1,1,0,111,92
I.B.,male,1964-07-04,Sat,171,A+,1,1,1,0,112,93
Q.P.,male,1928-12-03,Mon,166,O+,0,0,0,1,93,103
C.S.,female,1959-11-25,Wed,175,B+,1,1,1,0,107,105
Z.R.,female,1941-08-26,Tue,155,A+,0,1,0,1,93,98
J.X.,female,1946-04-07,Sun,145,AB+,0,1,0,1,114,97
J.U.,male,1991-11-13,Wed,187,O+,1,NA,1,1,99,91
I.P.,female,1973-05-26,Sat,163,O+,0,1,0,0,123,106
K.A.,female,1966-09-04,Sun,150,O+,0,0,0,1,107,99
M.K.,male,1983-02-17,Thu,171,A−,0,0,0,0,95,89
J.F.,male,1952-12-12,Fri,168,A+,0,0,0,1,99,88
R.I.,female,1968-11-17,Sun,171,A+,0,1,0,0,100,111
M.C.,female,1981-05-02,Sat,179,O+,1,0,0,1,107,104
A.L.,female,1984-09-04,Tue,159,O+,1,0,0,0,95,102
E.P.,male,1944-06-12,Mon,162,A+,0,0,1,0,100,102
H.H.,female,1984-02-18,Sat,171,A+,1,1,0,0,97,103
Z.A.,female,1963-08-10,Sat,166,O+,1,1,0,0,103,95
Q.I.,male,1972-05-14,Sun,160,O−,0,0,0,0,115,93
C.X.,male,1942-08-23,Sun,177,A+,1,0,1,0,78,120
Z.P.,female,1957-11-30,Sat,146,B+,0,1,1,0,100,113
S.J.,female,1975-02-05,Wed,172,O+,1,0,1,1,92,116
Z.J.,male,1980-04-20,Sun,176,O+,1,1,0,0,100,96
K.I.,female,1990-05-06,Sun,149,A+,0,1,1,0,104,107
R.Z.,male,1980-04-10,Thu,171,A+,1,NA,0,1,92,92
C.F.,female,1988-05-01,Sun,162,A+,1,1,1,0,120,101
V.A.,male,1954-01-03,Sun,170,A+,0,0,1,0,114,100
F.N.,female,1974-06-05,Wed,164,A+,0,1,1,1,109,101
G.Q.,male,1953-11-19,Thu,178,A+,0,NA,1,0,NA,92
Y.C.,male,1942-05-06,Wed,181,A+,0,0,1,1,90,106
E.J.,female,1955-09-01,Thu,165,A+,0,1,1,1,97,108
D.D.,female,1959-05-18,Mon,166,A+,1,0,0,0,93,113
U.N.,male,1949-04-01,Fri,181,O−,0,0,1,NA,111,83
F.S.,male,1991-08-03,Sat,182,A−,1,0,1,0,115,99
V.J.,female,1991-05-31,Fri,188,A+,1,1,1,0,121,91
Z.J.,male,1993-05-08,Sat,176,B+,1,NA,0,0,95,109
Z.H.,female,1984-02-19,Sun,163,O+,0,1,1,1,124,106
Q.E.,female,1994-06-03,Fri,157,O−,0,1,1,1,101,81
M.E.,female,1981-12-28,Mon,153,O+,1,1,0,0,95,119
U.H.,female,1985-12-02,Mon,167,O+,0,0,0,0,96,113
W.R.,male,1984-01-06,Fri,174,O+,0,0,1,1,91,94
U.K.,male,1996-12-28,Sat,178,A−,1,1,0,0,106,85
U.V.,male,1942-02-05,Thu,174,A+,0,1,0,1,97,110
J.D.,female,1995-07-22,Sat,160,A+,1,1,0,0,113,108
A.M.,female,1968-07-31,Wed,154,A+,1,1,1,1,107,104
M.W.,male,1965-09-11,Sat,179,O+,1,0,1,0,105,97
E.O.,male,1991-01-22,Tue,176,O+,0,1,1,1,98,94
X.U.,male,1979-03-27,Tue,148,O+,1,1,0,1,83,101
O.F.,female,1975-01-23,Thu,165,A−,0,1,1,0,86,93
U.H.,female,1970-11-27,Fri,175,A+,1,0,1,0,96,110
T.J.,male,1991-01-06,Sun,184,O+,1,0,1,0,88,114
C.H.,female,1935-04-19,Fri,166,A−,1,1,1,0,105,107
T.X.,female,1991-03-30,Sat,155,O+,1,1,1,0,103,108
T.W.,female,1950-08-13,Sun,155,A+,1,0,1,1,129,92
Q.V.,female,1954-06-26,Sat,162,A+,1,0,0,1,109,118
E.U.,female,1955-12-07,Wed,167,O+,1,0,1,1,107,101
X.Y.,male,1931-08-01,Sat,172,O+,1,0,1,0,107,96
B.P.,female,1944-11-15,Wed,153,O+,1,1,0,1,97,112
Y.D.,male,1974-06-20,Thu,174,B+,1,1,0,0,111,83
W.F.,female,1946-12-15,Sun,152,O+,1,1,0,0,110,106
J.F.,female,1989-06-30,Fri,159,O+,1,0,0,1,100,103
Z.D.,female,1982-04-16,Fri,171,O+,1,0,1,0,103,103
P.H.,male,1992-09-23,Wed,174,A+,1,0,0,1,103,89
G.Y.,female,1999-04-17,Sat,182,O+,1,NA,0,0,109,112
V.L.,female,1983-04-21,Thu,165,O+,1,0,0,0,78,106
P.I.,female,1994-01-02,Sun,167,B+,1,1,1,0,115,120
A.L.,male,1964-12-17,Thu,153,B+,0,0,1,0,90,111
K.C.,female,1977-08-26,Fri,165,A+,0,1,0,1,115,90
B.S.,female,1964-12-01,Tue,163,B+,0,1,1,0,88,105
H.A.,male,1993-06-12,Sat,180,O+,1,0,0,1,115,99
I.Y.,female,1963-12-11,Wed,167,O+,1,1,0,1,114,104
X.B.,female,1942-07-05,Sun,157,O−,0,1,0,NA,121,94
B.V.,female,1974-06-29,Sat,172,O+,1,1,0,0,107,97
O.T.,female,1999-05-15,Sat,172,A+,NA,0,1,0,94,123
P.D.,female,1974-10-30,Wed,159,A+,1,0,1,1,114,109
I.X.,male,1948-05-03,Mon,165,O+,0,0,0,1,105,80
F.I.,male,1972-06-13,Tue,182,A−,0,1,0,1,94,NA
U.Z.,male,1971-07-29,Thu,166,O+,1,1,0,0,100,89
R.J.,male,1963-08-06,Tue,156,O+,1,0,0,1,101,84
P.V.,female,1941-02-01,Sat,157,A+,0,1,0,1,106,109
P.K.,female,1950-12-30,Sat,181,A+,1,1,1,1,113,102
Y.I.,male,1962-08-17,Fri,176,A+,1,1,1,0,100,100
V.A.,male,1971-01-26,Tue,162,O+,1,1,1,0,NA,NA
J.V.,female,1983-07-01,Fri,175,A+,1,0,1,0,107,106
L.G.,male,1997-12-03,Wed,174,A+,1,1,0,1,105,102
K.M.,female,1945-03-01,Thu,142,O+,1,0,0,0,94,110
X.O.,male,1965-09-09,Thu,181,A+,0,1,1,0,91,104
I.L.,female,1949-03-15,Tue,161,A+,1,1,1,0,105,NA
D.W.,male,1941-07-23,Wed,163,AB+,0,1,1,1,100,88
S.S.,male,1980-11-05,Wed,192,O+,0,1,1,1,103,108
V.R.,female,1948-10-27,Wed,151,O+,1,1,0,1,106,115
T.F.,female,1978-10-01,Sun,137,A+,0,1,0,1,104,116
W.D.,female,1993-02-16,Tue,178,O+,0,0,0,0,88,122
O.V.,male,1969-09-22,Mon,156,O+,0,1,1,1,118,79
B.C.,female,1976-10-03,Sun,155,A−,1,1,NA,0,118,113
Q.R.,female,1983-12-08,Thu,150,O+,1,0,0,1,88,110
W.H.,female,2001-05-15,Tue,165,AB−,1,0,1,0,100,92
T.K.,male,1981-07-21,Tue,166,B+,1,1,0,0,101,83
G.M.,male,1973-01-28,Sun,163,O+,1,1,0,0,101,93
U.F.,male,1932-01-03,Sun,164,O+,1,1,0,1,109,104
X.M.,female,1989-01-02,Mon,180,O+,NA,1,0,1,95,NA
Z.G.,female,1991-08-23,Fri,155,O−,0,1,0,0,114,NA
X.H.,female,1987-07-16,Thu,144,O+,1,0,0,NA,104,103
O.V.,female,1986-09-16,Tue,168,A+,0,1,0,0,86,125
V.W.,male,1955-04-27,Wed,166,O+,0,0,0,0,103,93
X.Y.,female,1999-08-25,Wed,163,O+,0,1,0,1,99,111
V.G.,male,1993-07-15,Thu,185,A+,0,1,0,0,90,111
T.G.,female,1969-08-01,Fri,167,A−,1,1,1,1,112,88
V.V.,female,1992-04-05,Sun,167,O+,1,1,1,1,105,97
B.E.,female,1982-04-04,Sun,163,A+,1,0,1,1,102,116
K.V.,male,1951-08-19,Sun,189,A−,1,1,1,0,98,91
Z.A.,female,1970-01-06,Tue,162,A+,1,1,1,1,94,118
T.M.,female,1934-11-02,Fri,162,A+,1,0,1,1,116,105
G.M.,female,1983-09-27,Tue,152,A+,NA,1,0,0,98,107
J.C.,male,1955-03-13,Sun,193,O+,0,1,0,0,92,111
D.A.,male,1973-12-27,Thu,170,O+,1,1,0,0,95,95
Y.M.,female,1958-04-09,Wed,165,B+,1,1,0,0,117,94
B.A.,male,1928-11-20,Tue,173,A+,1,1,0,0,97,94
Z.B.,male,1954-04-24,Sat,143,A+,1,1,0,1,110,100
C.D.,male,1943-08-13,Fri,174,AB+,1,1,0,1,105,83
Y.H.,male,1968-08-16,Fri,163,O+,1,0,1,1,95,101
Z.H.,male,1998-04-12,Sun,181,A+,1,0,1,0,109,85
R.G.,female,1942-06-06,Sat,156,A+,0,1,1,1,119,109
O.J.,female,1955-01-08,Sat,152,O+,1,0,0,0,98,116
J.R.,female,1985-05-21,Tue,154,O+,0,0,1,1,100,120
X.Z.,male,1979-08-31,Fri,179,A+,0,0,0,1,114,82
Y.E.,male,1957-11-16,Sat,157,A+,0,1,0,0,111,101
M.J.,male,1991-01-23,Wed,190,A−,0,0,1,0,100,97
E.Y.,male,1960-05-30,Mon,191,A+,0,1,1,0,106,85
W.R.,female,1975-11-20,Thu,164,O+,0,1,1,1,105,108
O.Z.,female,2000-01-02,Sun,164,A−,1,1,0,1,115,111
M.V.,male,1977-07-30,Sat,180,O+,0,0,0,0,112,94
P.E.,female,1983-09-16,Fri,160,O+,0,1,0,0,103,118
I.H.,female,1946-01-16,Wed,170,O−,0,1,0,0,104,99
N.Z.,male,1986-08-31,Sun,196,A+,1,0,1,0,117,98
Z.F.,female,1995-05-10,Wed,172,A+,1,1,1,1,114,111
V.W.,male,1946-04-17,Wed,183,A+,1,1,0,0,93,93
I.X.,female,1995-09-09,Sat,160,O+,0,1,0,0,90,132
R.R.,female,1985-12-27,Fri,149,O+,0,0,1,1,97,117
D.G.,female,1984-05-16,Wed,152,A+,1,0,1,0,95,122
C.W.,female,1993-06-27,Sun,167,O+,0,1,0,0,116,95
E.M.,male,1940-04-07,Sun,176,O−,0,1,0,0,131,73
G.G.,female,1960-06-10,Fri,161,A+,1,1,0,0,90,118
K.R.,male,1994-01-10,Mon,184,AB+,1,0,1,0,98,95
A.R.,male,1943-12-28,Tue,161,O+,1,0,0,0,93,90
P.V.,female,1962-09-21,Fri,162,O+,0,1,0,0,103,111
T.V.,male,1965-10-25,Mon,170,O−,0,0,1,1,91,90
X.L.,female,1987-01-07,Wed,155,A−,1,1,0,1,100,97
C.S.,female,1991-10-15,Tue,154,O+,1,1,0,0,72,121
N.Q.,female,1956-08-20,Mon,167,A+,0,1,1,1,103,104
S.K.,male,1964-12-21,Mon,182,A+,0,1,1,1,103,102
O.D.,male,1972-03-03,Fri,161,O+,0,0,0,1,95,100
A.T.,male,1981-06-27,Sat,182,O+,0,1,0,1,99,105
Z.L.,male,1974-10-12,Sat,181,A+,0,0,1,0,95,96
U.E.,female,1944-01-01,Sat,159,A−,1,1,0,0,96,97
M.R.,male,1966-03-12,Sat,155,A+,1,1,0,0,104,100
E.F.,male,1959-12-12,Sat,177,A+,1,1,0,0,113,96
R.K.,female,1926-11-26,Fri,152,B+,0,0,0,0,103,NA
Y.Q.,female,1932-05-26,Thu,152,O−,0,1,1,0,89,103
Y.D.,female,1972-01-26,Wed,164,O+,1,1,0,0,94,110
O.M.,female,1986-10-28,Tue,147,O+,1,1,1,1,104,100
H.X.,female,1943-07-06,Tue,160,A+,1,1,1,0,96,116
O.K.,female,1952-09-21,Sun,145,B+,1,1,1,1,97,98
D.R.,male,1966-01-23,Sun,166,AB−,0,0,1,0,112,95
U.D.,female,1981-11-06,Fri,171,O+,1,0,1,1,103,117
P.G.,male,1973-12-27,Thu,167,A+,0,0,1,1,103,104
E.D.,female,1989-05-23,Tue,173,B−,0,1,0,1,109,95
Z.H.,female,2002-08-25,Sun,179,A+,0,1,0,0,125,112
H.Y.,female,1970-01-28,Wed,177,A−,1,0,1,1,104,NA
E.W.,female,2001-05-17,Thu,166,A+,0,1,1,0,96,107
E.L.,male,1986-10-26,Sun,157,B+,1,1,1,1,109,99
H.D.,male,1974-06-24,Mon,180,A−,1,0,1,0,100,90
P.I.,female,1987-05-18,Mon,165,A+,0,0,0,0,123,108
K.X.,male,1967-06-13,Tue,180,A+,0,0,1,1,88,90
Y.N.,female,1945-11-26,Mon,154,A+,1,1,0,0,98,124
C.G.,female,1936-04-14,Tue,149,O+,0,1,1,1,104,107
X.A.,male,1974-12-07,Sat,179,O+,1,0,1,1,101,114
K.K.,female,1948-05-24,Mon,169,O+,0,1,1,0,103,104
G.B.,female,1982-11-20,Sat,162,O+,1,0,0,1,100,122
E.K.,female,1945-07-23,Mon,169,A−,0,1,0,1,108,86
M.K.,female,1986-11-30,Sun,160,A+,1,1,1,1,108,112
E.F.,male,2000-03-12,Sun,165,A+,1,1,1,1,102,102
E.E.,female,1958-03-22,Sat,164,A−,1,1,0,0,104,NA
X.B.,male,1988-06-13,Mon,191,O+,1,0,0,0,111,91
Z.G.,female,1969-12-25,Thu,142,A−,1,1,1,0,94,106
G.L.,female,1980-12-05,Fri,159,O+,1,0,0,0,94,105
L.I.,male,1969-01-29,Wed,186,O+,0,0,1,0,98,98
C.F.,female,1989-04-18,Tue,162,O+,1,1,0,0,101,98
L.O.,male,1937-01-11,Mon,168,B+,1,0,1,0,102,99
R.N.,male,1951-12-01,Sat,168,B+,1,1,0,0,108,93
O.T.,male,1993-03-16,Tue,164,O−,1,0,1,1,97,88
K.V.,male,1969-07-31,Thu,160,A+,1,1,1,0,115,106
G.P.,male,1983-04-07,Thu,180,A+,1,0,1,0,94,102
O.B.,male,1939-11-20,Mon,187,O+,1,0,1,0,96,98
A.E.,male,1989-12-05,Tue,169,B+,1,0,NA,0,92,113
F.C.,male,1995-06-15,Thu,173,A+,NA,0,1,0,104,NA
U.J.,male,1952-03-13,Thu,162,O+,1,1,0,0,86,97
F.O.,female,1981-01-29,Thu,157,A−,1,0,0,1,99,99
A.D.,female,1990-08-16,Thu,150,O−,0,1,1,0,99,100
B.H.,male,1969-01-15,Wed,188,O+,0,0,1,0,96,110
Y.T.,male,1978-05-19,Fri,179,A+,0,1,0,1,101,95
Z.G.,male,1944-02-20,Sun,164,O−,0,0,1,0,91,95
A.U.,female,1960-09-03,Sat,153,O+,1,1,0,0,120,97
S.D.,female,1977-07-15,Fri,170,O+,1,1,0,1,120,105
J.B.,male,1964-03-15,Sun,169,A+,0,1,1,0,104,94
H.S.,male,1941-09-17,Wed,186,B+,0,1,1,0,112,93
S.N.,female,1949-11-04,Fri,171,A−,0,1,0,0,101,103
S.J.,female,1971-09-06,Mon,164,O+,0,1,0,0,96,122
J.A.,female,1996-09-28,Sat,156,A+,1,1,0,1,106,113
G.H.,male,1964-05-19,Tue,195,A−,0,0,1,0,90,84
J.L.,female,1988-11-06,Sun,155,O+,1,1,1,1,115,106
H.Q.,female,1938-09-02,Fri,163,B+,0,1,0,1,103,102
B.O.,male,1989-02-03,Fri,171,O+,0,NA,1,0,98,101
W.K.,female,1943-01-14,Thu,159,A+,0,1,0,0,89,107
C.S.,male,1986-03-01,Sat,174,B+,1,0,1,0,101,93
G.U.,male,1982-07-04,Sun,197,O+,1,1,0,0,97,97
I.I.,male,1971-02-19,Fri,178,A+,1,1,0,0,96,114
C.Y.,male,1938-10-02,Sun,183,O+,1,0,1,0,100,110
F.F.,female,2002-02-21,Thu,165,A+,1,1,1,NA,102,107
W.O.,female,1977-06-15,Wed,164,O+,1,1,1,0,110,113
U.X.,male,1954-04-09,Fri,175,O+,0,0,0,0,113,88
Y.S.,female,1987-11-19,Thu,162,A+,1,0,1,1,95,122
W.Z.,male,1975-10-08,Wed,187,A+,0,0,0,0,90,103
E.Q.,male,1988-05-05,Thu,188,AB−,0,0,0,1,87,102
U.Q.,female,1995-04-10,Mon,190,A+,0,1,0,1,117,88
B.E.,male,1949-04-22,Fri,160,A+,1,0,1,0,93,95
X.H.,male,1966-08-21,Sun,173,B+,0,0,0,0,100,111
Y.A.,male,1970-03-04,Wed,158,AB+,0,1,1,1,99,95
M.R.,male,1942-05-22,Fri,165,O−,1,0,0,1,96,93
H.C.,male,1969-02-13,Thu,157,A+,0,0,0,0,80,110
O.Z.,male,1939-01-17,Tue,161,O−,0,1,1,0,94,97
Q.M.,male,1947-02-02,Sun,179,O+,1,0,1,0,111,102
E.Y.,female,1946-04-29,Mon,154,A+,NA,0,0,1,114,102
X.J.,male,1981-02-24,Tue,172,O+,1,0,1,0,89,108
U.G.,male,1934-10-21,Sun,197,A+,1,0,0,1,103,97
V.M.,female,1932-11-23,Wed,142,B−,0,1,1,0,95,103
J.C.,female,1949-09-29,Thu,167,A+,1,1,0,0,106,115
N.T.,female,1946-08-20,Tue,156,A+,0,1,0,1,90,115
U.I.,female,1974-08-20,Tue,160,A+,0,1,0,0,87,99
Q.R.,female,1998-10-15,Thu,162,A+,0,1,0,NA,93,112
V.P.,male,1945-11-03,Sat,166,O−,1,1,1,0,105,95
S.F.,male,1982-06-15,Tue,180,O+,1,0,1,0,83,97
P.R.,female,1948-03-04,Thu,155,O+,1,1,NA,0,96,113
K.V.,male,1991-12-13,Fri,175,B+,0,0,1,0,102,114
Q.M.,male,1955-06-16,Thu,177,AB+,1,0,1,1,119,85
B.H.,female,1940-01-29,Mon,152,A+,NA,1,1,1,108,105
E.J.,female,1926-11-16,Tue,164,A+,1,1,0,1,99,106
U.N.,female,1980-08-15,Fri,162,B+,1,1,0,0,105,104
A.Y.,male,1990-06-07,Thu,190,A+,1,0,1,NA,95,86
V.T.,male,1962-09-27,Thu,167,A+,0,0,1,0,83,105
O.O.,female,1982-03-13,Sat,163,A−,1,1,0,1,96,95
D.N.,female,1995-01-24,Tue,153,O+,0,1,1,1,100,108
T.Z.,male,1944-12-25,Mon,157,A+,1,1,1,0,99,112
O.D.,male,1967-07-24,Mon,174,A+,1,0,0,1,98,87
D.Q.,female,1983-11-09,Wed,163,A+,1,1,0,0,100,101
G.M.,female,1956-10-16,Tue,156,B−,0,0,0,1,102,91
E.T.,male,1940-05-19,Sun,186,O+,0,0,0,0,99,95
Z.H.,male,1949-08-29,Mon,176,O+,0,1,1,0,91,91
D.H.,female,1978-12-21,Thu,151,B+,1,0,0,1,92,111
A.R.,male,1976-11-15,Mon,160,B+,1,0,1,0,95,97
